{"initial_reset_timestamp": 16799774.39924653, "timestamps": [16799801.082823385], "episode_lengths": [406], "episode_rewards": [-406.0], "episode_types": ["t"]}