{"nsamples": [1000.0, 2000.0, 3000.0, 4000.0, 5000.0, 6000.0, 7000.0, 8000.0, 9000.0, 10000.0, 11000.0, 12000.0, 13000.0, 14000.0, 15000.0, 16000.0, 17000.0, 18000.0, 19000.0], "model_reward": [-84.1, -5000.0, -136.6, -156.3, -148.5, -227.5, -5000.0, -145.4, -460.3, -132.7, -5000.0, -5000.0, -132.6, -494.3, -131.5, -5000.0, -241.6, -131.8, -212.6], "env_reward": [-175.5, -5000.0, -2553.5, -171.5, -211.0, -871.1, -5000.0, -337.2, -149.4, -165.2, -276.3, -5000.0, -307.1, -198.5, -458.8, -5000.0, -238.3, -236.0, -642.3], "model_error": [0.00032278388971462846, 9.689291800896171e-06, 1.7507129086880013e-05, 1.8732560420176014e-05, 1.4116450074652676e-05, 1.8188924514106475e-05, 8.554142368666362e-06, 1.6886921002878807e-05, 1.9667009837576188e-05, 1.3559368198912125e-05, 1.8655508029041812e-05, 1.6460311599075794e-05, 1.3969917745271232e-05, 1.631286068004556e-05, 1.4081078916206025e-05, 1.360401620331686e-05, 1.4370429198606871e-05, 1.3662196579389274e-05, 1.6104077076306567e-05]}